INSERT INTO Saisons.Saison (NumeroSaison, DateDebut, DateFin, Profit, Note)
VALUES
(1, '2010-10-31', '2010-12-05', 28829145, 8.2),
(2, '2011-10-16', '2012-03-18', 43671679, 8.6),
(3, '2012-10-14', '2013-03-31', 22731266, 8.5),
(4, '2013-10-13', '2014-03-30', 27393651, 8.4),
(5, '2014-10-12', '2015-03-29', 15527618, 8.0),
(6, '2015-10-11', '2016-04-03', 11578536, 7.8),
(7, '2016-10-23', '2017-04-02', 7559022, 7.7),
(8, '2017-10-22', '2018-04-15', 7445114, 7.5),
(9, '2018-10-07', '2019-03-31', 5690686, 7.6),
(10, '2019-10-06', '2021-04-04', 2820337, 7.9),
(11, '2021-08-22', '2022-11-20', 2733735, 8.0);

INSERT INTO Saisons.Episode (NumeroEpisode, NomEpisode, DateTransmission, DureeMinutes, Note, NomRealisateur, SaisonID)
VALUES
(1, 'Days Gone Bye', '2010-10-31', 67, 8.5, 'Frank Darabont', 1),  -- Saison 1, Episode 1
(2, 'Guts', '2010-11-07', 44, 8.2, 'Michelle MacLaren', 1),
(3, 'Tell It to the Frogs', '2010-11-14', 44, 8.0, 'Greg Nicotero', 1),
(4, 'Vatos', '2010-11-21', 44, 7.9, 'Michelle MacLaren', 1),
(5, 'Wildfire', '2010-11-28', 44, 8.1, 'Guy Ferland', 1),
(6, 'TS-19', '2010-12-05', 44, 8.3, 'David Nutter', 1),
(1, 'What Lies Ahead', '2011-10-16', 44, 8.4, 'Frank Darabont', 2),  -- Saison 2, Episode 1
(2, 'Bloodletting', '2011-10-23', 44, 8.0, 'Michelle MacLaren', 2),
(3, 'Save the Last One', '2011-10-30', 44, 7.9, 'Guy Ferland', 2),
(4, 'Cherokee Rose', '2011-11-06', 44, 8.2, 'Greg Nicotero', 2),
(5, 'Chupacabra', '2011-11-13', 44, 8.1, 'Bill Gierhart', 2),
(6, 'Secrets', '2011-11-20', 44, 7.8, 'Lesli Linka Glatter', 2),
(7, 'Pretty Much Dead Already', '2011-11-27', 44, 8.5, 'Michelle MacLaren', 2),
(8, 'Nebraska', '2012-02-12', 44, 8.0, 'Adam Davidson', 2),
(9, 'The Suicide King', '2012-02-19', 44, 8.3, 'Billy Gierhart', 2),
(10, '18 Miles Out', '2012-02-26', 44, 8.0, 'Michael J. Bassett', 2),
(11, 'Judge, Jury, Executioner', '2012-03-04', 44, 8.4, 'Guy Ferland', 2),
(12, 'Better Angels', '2012-03-11', 44, 8.3, 'Michael J. Bassett', 2),
(13, 'Beside the Dying Fire', '2012-03-18', 44, 8.6, 'Eagle Egilsson', 2),
(1, 'Seed', '2012-10-14', 45, 8.6, 'Ernest Dickerson', 3),  -- Saison 3, Episode 1
(2, 'Sick', '2012-10-21', 45, 8.4, 'Billy Gierhart', 3),
(3, 'Walk with Me', '2012-10-28', 45, 8.1, 'Guy Ferland', 3),
(4, 'Killer Within', '2012-11-04', 45, 9.0, 'Guy Ferland', 3),
(5, 'Say the Word', '2012-11-11', 45, 8.2, 'Greg Nicotero', 3),
(6, 'Hounded', '2012-11-18', 45, 8.3, 'Dan Attias', 3),
(7, 'When the Dead Come Knocking', '2012-11-25', 45, 8.6, 'Daniel Sackheim', 3),
(8, 'Made to Suffer', '2012-12-02', 45, 8.8, 'Billy Gierhart', 3),
(9, 'The Suicide King', '2013-02-10', 45, 8.2, 'Lesli Linka Glatter', 3),
(10, 'Home', '2013-02-17', 45, 8.5, 'Seith Mann', 3),
(11, 'I Ain’t a Judas', '2013-02-24', 45, 8.0, 'Greg Nicotero', 3),
(12, 'Clear', '2013-03-03', 45, 9.2, 'Tricia Brock', 3),
(13, 'Arrow on the Doorpost', '2013-03-10', 45, 8.0, 'David Boyd', 3),
(14, 'Prey', '2013-03-17', 45, 8.2, 'Stefan Schwartz', 3),
(15, 'This Sorrowful Life', '2013-03-24', 45, 9.0, 'Greg Nicotero', 3),
(16, 'Welcome to the Tombs', '2013-03-31', 45, 8.3, 'Ernest Dickerson', 3),
(1, '30 Days Without an Accident', '2013-10-13', 45, 8.0, 'Greg Nicotero', 4),  -- Saison 4, Episode 1
(2, 'Infected', '2013-10-20', 45, 8.2, 'Guy Ferland', 4),
(3, 'Isolation', '2013-10-27', 45, 8.1, 'Daniel Sackheim', 4),
(4, 'Indifference', '2013-11-03', 45, 8.5, 'Tricia Brock', 4),
(5, 'Internment', '2013-11-10', 45, 9.0, 'David Boyd', 4),
(6, 'Live Bait', '2013-11-17', 45, 8.2, 'Michael Uppendahl', 4),
(7, 'Dead Weight', '2013-11-24', 45, 8.0, 'Jeremy Podeswa', 4),
(8, 'Too Far Gone', '2013-12-01', 45, 9.6, 'Ernest Dickerson', 4),
(9, 'After', '2014-02-09', 45, 8.6, 'Greg Nicotero', 4),
(10, 'Inmates', '2014-02-16', 45, 8.1, 'Tricia Brock', 4),
(11, 'Claimed', '2014-02-23', 45, 8.4, 'Seith Mann', 4),
(12, 'Still', '2014-03-02', 45, 7.8, 'Julius Ramsay', 4),
(13, 'Alone', '2014-03-09', 45, 8.2, 'Ernest Dickerson', 4),
(14, 'The Grove', '2014-03-16', 45, 9.2, 'Michael Satrazemis', 4),
(15, 'Us', '2014-03-23', 45, 8.5, 'Greg Nicotero', 4),
(16, 'A', '2014-03-30', 45, 9.3, 'Michelle MacLaren', 4),
(1, 'No Sanctuary', '2014-10-12', 45, 9.6, 'Greg Nicotero', 5),  -- Saison 5, Episode 1
(2, 'Strangers', '2014-10-19', 45, 8.3, 'David Boyd', 5),
(3, 'Four Walls and a Roof', '2014-10-26', 45, 9.1, 'Jeffrey F. January', 5),
(4, 'Slabtown', '2014-11-02', 45, 7.8, 'Michael E. Satrazemis', 5),
(5, 'Self Help', '2014-11-09', 45, 8.2, 'Ernest Dickerson', 5),
(6, 'Consumed', '2014-11-16', 45, 8.6, 'Seith Mann', 5),
(7, 'Crossed', '2014-11-23', 45, 7.9, 'Billy Gierhart', 5),
(8, 'Coda', '2014-11-30', 45, 8.5, 'Ernest Dickerson', 5),
(9, 'What Happened and What’s Going On', '2015-02-08', 45, 8.2, 'Greg Nicotero', 5),
(10, 'Them', '2015-02-15', 45, 7.8, 'Julius Ramsay', 5),
(11, 'The Distance', '2015-02-22', 45, 8.6, 'Larysa Kondracki', 5),
(12, 'Remember', '2015-03-01', 45, 8.5, 'Greg Nicotero', 5),
(13, 'Forget', '2015-03-08', 45, 8.2, 'David Boyd', 5),
(14, 'Spend', '2015-03-15', 45, 9.2, 'Jennifer Lynch', 5),
(15, 'Try', '2015-03-22', 45, 8.3, 'Michael Satrazemis', 5),
(16, 'Conquer', '2015-03-29', 45, 9.2, 'Greg Nicotero', 5),
(1, 'First Time Again', '2015-10-11', 45, 8.3, 'Greg Nicotero', 6),  -- Saison 6, Episode 1
(2, 'JSS', '2015-10-18', 45, 9.2, 'Jennifer Lynch', 6),
(3, 'Thank You', '2015-10-25', 45, 8.5, 'Michael Slovis', 6),
(4, 'Here’s Not Here', '2015-11-01', 45, 8.6, 'Stephen Williams', 6),
(5, 'Now', '2015-11-08', 45, 7.8, 'Avi Youabian', 6),
(6, 'Always Accountable', '2015-11-15', 45, 8.1, 'Jeffrey F. January', 6),
(7, 'Heads Up', '2015-11-22', 45, 8.2, 'David Boyd', 6),
(8, 'Start to Finish', '2015-11-29', 45, 8.1, 'Michael Satrazemis', 6),
(9, 'No Way Out', '2016-02-14', 45, 9.3, 'Greg Nicotero', 6),
(10, 'The Next World', '2016-02-21', 45, 8.5, 'Kari Skogland', 6),
(11, 'Knots Untie', '2016-02-28', 45, 8.3, 'Michael E. Satrazemis', 6),
(12, 'Not Tomorrow Yet', '2016-03-06', 45, 8.6, 'Greg Nicotero', 6),
(13, 'The Same Boat', '2016-03-13', 45, 8.2, 'Billy Gierhart', 6),
(14, 'Twice as Far', '2016-03-20', 45, 8.1, 'Alrick Riley', 6),
(15, 'East', '2016-03-27', 45, 8.5, 'Michael E. Satrazemis', 6),
(16, 'Last Day on Earth', '2016-04-03', 45, 8.1, 'Greg Nicotero', 6),
(1, 'The Day Will Come When You Won’t Be', '2016-10-23', 45, 9.6, 'Greg Nicotero', 7),  -- Saison 7, Episode 1
(2, 'The Well', '2016-10-30', 45, 8.0, 'Greg Nicotero', 7),
(3, 'The Cell', '2016-11-06', 45, 8.3, 'Alrick Riley', 7),
(4, 'Service', '2016-11-13', 45, 7.8, 'David Boyd', 7),
(5, 'Go Getters', '2016-11-20', 45, 7.6, 'Darnell Martin', 7),
(6, 'Swear', '2016-11-27', 45, 6.7, 'Michael E. Satrazemis', 7),
(7, 'Sing Me a Song', '2016-12-04', 45, 8.7, 'Rose Troche', 7),
(8, 'Hearts Still Beating', '2016-12-11', 45, 8.8, 'Michael E. Satrazemis', 7),
(9, 'Rock in the Road', '2017-02-12', 45, 8.3, 'Greg Nicotero', 7),
(10, 'New Best Friends', '2017-02-19', 45, 8.2, 'Jeffrey F. January', 7),
(11, 'Hostiles and Calamities', '2017-02-26', 45, 7.9, 'Kari Skogland', 7),
(12, 'Say Yes', '2017-03-05', 45, 8.0, 'Greg Nicotero', 7),
(13, 'Bury Me Here', '2017-03-12', 45, 8.4, 'Alrick Riley', 7),
(14, 'The Other Side', '2017-03-19', 45, 8.1, 'Michael E. Satrazemis', 7),
(15, 'Something They Need', '2017-03-26', 45, 8.3, 'Michael Slovis', 7),
(16, 'The First Day of the Rest of Your Life', '2017-04-02', 45, 8.6, 'Greg Nicotero', 7),
(1, 'Mercy', '2017-10-22', 45, 8.1, 'Greg Nicotero', 8),  -- Saison 8, Episode 1
(2, 'The Damned', '2017-10-29', 45, 8.2, 'Rose Troche', 8),
(3, 'Monsters', '2017-11-05', 45, 7.9, 'Greg Nicotero', 8),
(4, 'Some Guy', '2017-11-12', 45, 8.5, 'Dan Liu', 8),
(5, 'The Big Scary U', '2017-11-19', 45, 8.3, 'Michael E. Satrazemis', 8),
(6, 'The King, the Widow, and Rick', '2017-11-26', 45, 7.5, 'John Polson', 8),
(7, 'Time for After', '2017-12-03', 45, 8.1, 'Larry Teng', 8),
(8, 'How It’s Gotta Be', '2017-12-10', 45, 8.2, 'Greg Nicotero', 8),
(9, 'Honor', '2018-02-25', 45, 8.6, 'Greg Nicotero', 8),
(10, 'The Lost and the Plunderers', '2018-03-04', 45, 7.8, 'Daisy Mayer', 8),
(11, 'Dead or Alive Or', '2018-03-11', 45, 7.7, 'Michael E. Satrazemis', 8),
(12, 'The Key', '2018-03-18', 45, 8.2, 'Greg Nicotero', 8),
(13, 'Do Not Send Us Astray', '2018-03-25', 45, 8.0, 'Jeffrey F. January', 8),
(14, 'Still Gotta Mean Something', '2018-04-01', 45, 8.1, 'Michael Cudlitz', 8),
(15, 'Worth', '2018-04-08', 45, 8.4, 'Michael Slovis', 8),
(16, 'Wrath', '2018-04-15', 45, 8.3, 'Greg Nicotero', 8),
(1, 'A New Beginning', '2018-10-07', 45, 8.5, 'Greg Nicotero', 9),  -- Saison 9, Episode 1
(2, 'The Bridge', '2018-10-14', 45, 8.1, 'Daisy Mayer', 9),
(3, 'Warning Signs', '2018-10-21', 45, 8.3, 'Dan Liu', 9),
(4, 'The Obliged', '2018-10-28', 45, 8.9, 'Rose Troche', 9),
(5, 'What Comes After', '2018-11-04', 45, 9.3, 'Greg Nicotero', 9),
(6, 'Who Are You Now?', '2018-11-11', 45, 8.1, 'Larry Teng', 9),
(7, 'Stradivarius', '2018-11-18', 45, 7.9, 'Michael Cudlitz', 9),
(8, 'Evolution', '2018-11-25', 45, 8.5, 'Michael E. Satrazemis', 9),
(9, 'Adaptation', '2019-02-10', 45, 8.0, 'Greg Nicotero', 9),
(10, 'Omega', '2019-02-17', 45, 7.8, 'David Boyd', 9),
(11, 'Bounty', '2019-02-24', 45, 8.2, 'Meera Menon', 9),
(12, 'Guardians', '2019-03-03', 45, 7.7, 'Michael E. Satrazemis', 9),
(13, 'Chokepoint', '2019-03-10', 45, 8.3, 'Liesl Tommy', 9),
(14, 'Scars', '2019-03-17', 45, 8.5, 'Millicent Shelton', 9),
(15, 'The Calm Before', '2019-03-24', 45, 9.3, 'Laura Belsey', 9),
(16, 'The Storm', '2019-03-31', 45, 8.3, 'Greg Nicotero', 9),
(1, 'Lines We Cross', '2019-10-06', 45, 8.0, 'Greg Nicotero', 10),  -- Saison 10, Episode 1
(2, 'We Are the End of the World', '2019-10-13', 45, 7.7, 'Greg Nicotero', 10),
(3, 'Ghosts', '2019-10-20', 45, 8.1, 'David Boyd', 10),
(4, 'Silence the Whisperers', '2019-10-27', 45, 8.0, 'Michael Cudlitz', 10),
(5, 'What It Always Is', '2019-11-03', 45, 7.9, 'Laura Belsey', 10),
(6, 'Bonds', '2019-11-10', 45, 8.3, 'Dan Liu', 10),
(7, 'Open Your Eyes', '2019-11-17', 45, 8.4, 'Michael E. Satrazemis', 10),
(8, 'The World Before', '2019-11-24', 45, 8.1, 'John Dahl', 10),
(9, 'Squeeze', '2020-02-23', 45, 8.3, 'Michael Satrazemis', 10),
(10, 'Stalker', '2020-03-01', 45, 8.5, 'Bronwen Hughes', 10),
(11, 'Morning Star', '2020-03-08', 45, 8.6, 'Michael E. Satrazemis', 10),
(12, 'Walk With Us', '2020-03-15', 45, 9.0, 'Greg Nicotero', 10),
(13, 'What We Become', '2020-03-22', 45, 8.2, 'Sharat Raju', 10),
(14, 'Look at the Flowers', '2020-03-29', 45, 8.0, 'Daisy Mayer', 10),
(15, 'The Tower', '2020-04-05', 45, 7.8, 'Laura Belsey', 10),
(16, 'A Certain Doom', '2020-10-04', 45, 8.2, 'Greg Nicotero', 10),
(17, 'Home Sweet Home', '2021-02-28', 45, 7.4, 'David Boyd', 10),
(18, 'Find Me', '2021-03-07', 45, 7.7, 'David Boyd', 10),
(19, 'One More', '2021-03-14', 45, 7.8, 'Laura Belsey', 10),
(20, 'Splinter', '2021-03-21', 45, 7.3, 'Laura Belsey', 10),
(21, 'Diverged', '2021-03-28', 45, 6.6, 'David Boyd', 10),
(22, 'Here’s Negan', '2021-04-04', 45, 9.2, 'Laura Belsey', 10),
(1, 'Acheron: Part I', '2021-08-22', 45, 8.0, 'Kevin Dowling', 11),  -- Saison 11, Episode 1
(2, 'Acheron: Part II', '2021-08-29', 45, 8.1, 'Kevin Dowling', 11),
(3, 'Hunted', '2021-09-05', 45, 7.9, 'Frederick E.O. Toye', 11),
(4, 'Rendition', '2021-09-12', 45, 7.6, 'Heather Bellson', 11),
(5, 'Out of the Ashes', '2021-09-19', 45, 7.7, 'Greg Nicotero', 11),
(6, 'On the Inside', '2021-09-26', 45, 8.4, 'Greg Nicotero', 11),
(7, 'Promises Broken', '2021-10-03', 45, 7.8, 'Sharat Raju', 11),
(8, 'For Blood', '2021-10-10', 45, 8.2, 'Jon Amiel', 11),
(9, 'No Other Way', '2022-02-20', 45, 8.5, 'Jon Amiel', 11),
(10, 'New Haunts', '2022-02-27', 45, 7.8, 'Jon Amiel', 11),
(11, 'Rogue Element', '2022-03-06', 45, 7.6, 'Michael Cudlitz', 11),
(12, 'The Lucky Ones', '2022-03-13', 45, 7.8, 'Tawnia McKiernan', 11),
(13, 'Warlords', '2022-03-20', 45, 8.4, 'Loren Yaconelli', 11),
(14, 'The Rotten Core', '2022-03-27', 45, 8.1, 'Marcus Stokes', 11),
(15, 'Trust', '2022-04-03', 45, 7.9, 'Lily Mariye', 11),
(16, 'Acts of God', '2022-04-10', 45, 8.2, 'Catriona McKenzie', 11),
(17, 'Lockdown', '2022-10-02', 45, 7.9, 'Greg Nicotero', 11),
(18, 'A New Deal', '2022-10-09', 45, 7.7, 'Jeffrey F. January', 11),
(19, 'Variant', '2022-10-16', 45, 8.0, 'Tawnia McKiernan', 11),
(20, 'What’s Been Lost', '2022-10-23', 45, 7.8, 'Avi Youabian', 11),
(21, 'Outpost 22', '2022-10-30', 45, 7.9, 'Tawnia McKiernan', 11),
(22, 'Faith', '2022-11-06', 45, 7.8, 'Rose Troche', 11),
(23, 'Family', '2022-11-13', 45, 8.2, 'Sharat Raju', 11),
(24, 'Rest in Peace', '2022-11-20', 45, 8.5, 'Greg Nicotero', 11);

INSERT INTO Personnages.Personnage (Prenom, Nom, Genre, Ethnicite, AgeDebutSerie, AgeFinSerie, Statut)
VALUES
('Rick', 'Grimes', 'Homme', 'Caucasien', 38, 45, 'Vivant'),
('Daryl', 'Dixon', 'Homme', 'Caucasien', 40, NULL, 'Vivant'),
('Carol', 'Peletier', 'Femme', 'Caucasienne', 35, NULL, 'Vivant'),
('Maggie', 'Greene', 'Femme', 'Caucasienne', 22, NULL, 'Vivant'),
('Glenn', 'Rhee', 'Homme', 'Asiatique', 25, 32, 'Mort'),
('Michonne', NULL, 'Femme', 'Afro-Américaine', 32, NULL, 'Vivant'),
('Negan', NULL, 'Homme', 'Caucasien', 50, NULL, 'Vivant'),
('Carl', 'Grimes', 'Homme', 'Caucasien', 10, 18, 'Mort'),
('Shane', 'Walsh', 'Homme', 'Caucasien', 35, 36, 'Mort'),
('Hershel', 'Greene', 'Homme', 'Caucasien', 60, 68, 'Mort'),
('Beth', 'Greene', 'Femme', 'Caucasienne', 16, 18, 'Mort'),
('Andrea', NULL, 'Femme', 'Caucasienne', 36, 38, 'Mort'),
('Rosita', 'Espinosa', 'Femme', 'Latina', 26, NULL, 'Vivant'),
('Eugene', 'Porter', 'Homme', 'Caucasien', 35, NULL, 'Vivant'),
('Abraham', 'Ford', 'Homme', 'Caucasien', 40, 42, 'Mort'),
('Gabriel', 'Stokes', 'Homme', 'Afro-Américain', 45, NULL, 'Vivant'),
('Aaron', NULL, 'Homme', 'Caucasien', 32, NULL, 'Vivant'),
('Tara', 'Chambler', 'Femme', 'Caucasienne', 26, 30, 'Mort'),
('Alpha', NULL, 'Femme', 'Caucasienne', 45, 47, 'Mort'),
('Beta', NULL, 'Homme', 'Caucasien', 50, 52, 'Mort'),
('Judith', 'Grimes', 'Femme', 'Caucasienne', 0, NULL, 'Vivant'),
('Tyreese', 'Williams', 'Homme', 'Afro-Américain', 28, 34, 'Mort'),
('The Governor', NULL, 'Homme', 'Caucasien', 45, 50, 'Mort'),
('Lori', 'Grimes', 'Femme', 'Caucasienne', 30, 33, 'Mort'),
('Sasha', 'Williams', 'Femme', 'Afro-Américaine', 30, 35, 'Mort'),
('Dwight', NULL, 'Homme', 'Caucasien', 38, NULL, 'Vivant'),
('Enid', NULL, 'Femme', 'Caucasienne', 14, 18, 'Mort'),
('Jadis', NULL, 'Femme', 'Caucasienne', 40, NULL, 'Inconnu'),
('Princess', NULL, 'Femme', 'Latina', 30, NULL, 'Vivant'),
('Mercer', NULL, 'Homme', 'Afro-Américain', 40, NULL, 'Vivant'),
('Jerry', NULL, 'Homme', 'Pacifique', 35, NULL, 'Vivant'),
('Luke', NULL, 'Homme', 'Caucasien', 30, NULL, 'Mort'),
('Alden', NULL, 'Homme', 'Caucasien', 27, 30, 'Mort'),
('Elijah', NULL, 'Homme', 'Afro-Américain', 25, NULL, 'Vivant'),
('Deanna', 'Monroe', 'Femme', 'Caucasienne', 55, 57, 'Mort'),
('Spencer', 'Monroe', 'Homme', 'Caucasien', 30, 32, 'Mort'),
('Simon', NULL, 'Homme', 'Caucasien', 45, 47, 'Mort'),
('Dante', NULL, 'Homme', 'Latino', 35, 37, 'Mort'),
('Leah', NULL, 'Femme', 'Caucasienne', 40, 42, 'Mort'),
('Ezekiel', 'King', 'Homme', 'Caucasien', 45, NULL, 'Vivant');

INSERT INTO Groupes.Groupe (Nom, PremiereApparition, Statut)
VALUES
('Le Groupe de Rick', 'Saison 1', 'Vivant'),
('Le Gouverneur', 'Saison 3', 'Éliminé'),
('Les Saviors', 'Saison 6', 'Éliminé'),
('Les Chuchoteurs', 'Saison 9', 'Éliminé'),
('Les Wolves', 'Saison 5', 'Éliminé'),
('La Colline', 'Saison 6', 'Vivant'),
('Alexandria Safe-Zone', 'Saison 5', 'Vivant'),
('Les Scavengers', 'Saison 7', 'Éliminé'),
('Le Royaume', 'Saison 6', 'Vivant'),
('Les Reapers', 'Saison 10', 'Éliminé'),
('Les Marchands', 'Saison 8', 'Inconnu'),
('Le Commonwealth', 'Saison 11', 'Vivant'),
('Les Villes jumelles', 'Saison 9', 'Inconnu'),
('Hilltop', 'Saison 6', 'Vivant'),
('Les Highwaymen', 'Saison 9', 'Éliminé'),
('Les Pikes', 'Saison 9', 'Éliminé'),
('Les Bandits de la route', 'Saison 7', 'Inconnu'),
('Les Survivants de la Grange', 'Saison 3', 'Éliminé'),
('La Fondation', 'Saison 11', 'Inconnu'),
('Les Troopers', 'Saison 10', 'Éliminé');

INSERT INTO Groupes.Emplacement (Emplacement, GroupeID)
VALUES
('Camp de Rick', 1),
('Prison', 1),
('Hôpital de Grady', 1),
('Woodbury', 2),
('Le Gouverneur’s Mansion', 2),
('Sanctuary', 3),
('Hilltop', 3),
('Alpha’s Camp', 4),
('Wilderness', 4),
('Terre de la Colline', 5),
('Grange de Hershel', 5),
('Alexandria Safe-Zone', 6),
('Grange d’Alexandria', 6),
('Grange de Rick', 6),
('Scavenger Base', 8),
('Le Terrain de Negan', 8),
('Kingdom', 9),
('Le Château de Le Royaume', 9),
('Reapers Base', 10),
('Reapers Base Hidden', 10),
('Hilltop', 11),
('Le Commonwealth', 12),
('Commonwealth HQ', 12),
('The Twin Cities', 13),
('Highwaymen Camp', 15),
('Pike Camp', 16),
('The Bandit Hideout', 17),
('Grange Survivors', 18),
('The Foundation Base', 19),
('Troopers Base', 20);

INSERT INTO Personnages.PersonnageEpisode (Acteur, PremiereApparition, EpisodeID, PersonnageID)
VALUES
('Andrew Lincoln', 'Saison 1', 1, 1),
('Norman Reedus', 'Saison 1', 3, 2),
('Melissa McBride', 'Saison 1', 3, 3),
('Lauren Cohan', 'Saison 2', 8, 4),
('Steven Yeun', 'Saison 1', 2, 5),
('Danai Gurira', 'Saison 3', 19, 6),
('Jeffrey Dean Morgan', 'Saison 6', 83, 7),
('Chandler Riggs', 'Saison 1', 1, 8),
('Jon Bernthal', 'Saison 1', 1, 9),
('Scott Wilson', 'Saison 2', 8, 10),
('Emily Kinney', 'Saison 2', 8, 11),
('Laurie Holden', 'Saison 1', 1, 12),
('Christian Serratos', 'Saison 4', 51, 13),
('Josh McDermitt', 'Saison 4', 51, 14),
('Michael Cudlitz', 'Saison 4', 51, 15),
('Seth Gilliam', 'Saison 5', 62, 16),
('Ross Marquand', 'Saison 5', 70, 17),
('Alanna Masterson', 'Saison 4', 47, 18),
('Samantha Morton', 'Saison 9', 122, 19),
('Ryan Hurst', 'Saison 9', 125, 20),
('Cailey Fleming', 'Saison 9', 121, 21),
('Chad Coleman', 'Saison 3', 29, 22),
('David Morrissey', 'Saison 3', 22, 23),
('Sarah Wayne Callies', 'Saison 1', 1, 24),
('Sonequa Martin-Green', 'Saison 3', 27, 25),
('Austin Amelio', 'Saison 6', 73, 26),
('Katelyn Nacon', 'Saison 5', 72, 27),
('Pollyanna McIntosh', 'Saison 7', 94, 28),
('Paola Lázaro', 'Saison 10', 139, 29),
('Michael James Shaw', 'Saison 11', 146, 30),
('Cooper Andrews', 'Saison 7', 86, 31),
('Dan Fogler', 'Saison 9', 121, 32),
('Callan McAuliffe', 'Saison 8', 103, 33),
('Okea Eme-Akwari', 'Saison 10', 142, 34),
('Tovah Feldshuh', 'Saison 5', 72, 35),
('Austin Nichols', 'Saison 6', 70, 36),
('Steven Ogg', 'Saison 6', 83, 37),
('Juan Javier Cardenas', 'Saison 10', 126, 38),
('Lynn Collins', 'Saison 10', 143, 39),
('Khary Payton', 'Saison 7', 92, 40);

INSERT INTO Personnages.PersonnageGroupe (EstChef, GroupeID, PersonnageID)
VALUES
(1, 1, 1), 
(0, 1, 2), 
(0, 1, 3), 
(0, 1, 4), 
(0, 1, 5), 
(0, 1, 6), 
(0, 1, 7), 
(0, 1, 8), 
(0, 1, 9), 
(0, 1, 10), 
(0, 1, 11), 
(0, 1, 12), 
(0, 1, 13), 
(0, 1, 14), 
(0, 1, 15), 
(0, 1, 16), 
(1, 2, 17), 
(1, 3, 18), 
(0, 3, 19), 
(0, 3, 20), 
(1, 4, 21), 
(0, 4, 22), 
(1, 5, 23), 
(0, 5, 24), 
(1, 6, 25), 
(1, 7, 26), 
(0, 7, 27), 
(1, 8, 28), 
(1, 9, 29), 
(1, 10, 30), 
(1, 11, 31), 
(1, 12, 32), 
(1, 13, 33),
(0, 1, 34), 
(0, 1, 35), 
(0, 1, 36), 
(0, 1, 37), 
(0, 1, 38), 
(0, 1, 39), 
(0, 1, 40),
(0, 1, 18), 
(0, 2, 22), 
(1, 3, 24), 
(0, 4, 20), 
(1, 5, 36), 
(0, 6, 5), 
(0, 6, 33), 
(1, 7, 10), 
(0, 8, 25), 
(1, 9, 19);
